facility_id,facility_name,facility_type,address,postcode,phone_number,email,opening_hours,manager_name,capacity,specialities_offered
S001,Birmingham Central GP Surgery,GP Surgery,"100 High Street, Birmingham",B1 1ZZ,0121-123-4567,contact@birminghamgp.nhs.uk,"Mon-Fri: 8:00-18:00, Sat: 8:00-12:00",Dr. David Thompson,1500,General Practice|Vaccinations|Minor Surgery
S002,Solihull Family Practice,GP Surgery,"250 Station Road, Solihull",B91 2AA,0121-234-5678,enquiries@solihullgp.nhs.uk,"Mon-Fri: 8:30-17:30, Sat: 9:00-13:00",Dr. Mark Davies,1200,General Practice|Family Planning|Travel Clinic
S003,Sutton Coldfield Medical Centre,GP Surgery,"75 Parade, Sutton Coldfield",B72 1PX,0121-345-6789,reception@suttongp.nhs.uk,"Mon-Fri: 8:00-18:30, Sat: 8:30-12:30",Dr. Susan Clarke,2000,General Practice|Chronic Disease Management|Mental Health
H001,Heartlands Hospital,Hospital,"Bordesley Green East, Birmingham",B9 5SS,0121-424-2000,enquiries@heartlandshospital.nhs.uk,"24/7 Emergency, Outpatients: Mon-Fri 8:00-17:00",Sarah Mitchell,800,Cardiology|Neurology|Emergency Medicine|General Surgery
H002,Queen Elizabeth Hospital,Hospital,"Mindelsohn Way, Birmingham",B15 2TH,0121-627-2000,contact@queenshospital.nhs.uk,"24/7 Emergency, Outpatients: Mon-Fri 7:30-18:00",Michael Brown,1200,Orthopaedics|Oncology|Transplant Surgery|Critical Care
H003,Birmingham Children's Hospital,Hospital,"Steelhouse Lane, Birmingham",B4 6NH,0121-333-9999,info@birminghamhospital.nhs.uk,"24/7 Emergency, Outpatients: Mon-Fri 8:30-17:30",Emma Thompson,400,Paediatrics|Dermatology|Child Psychology|Neonatal Care
